ANSWER F1,AvgLatencyMs,CitationPrecision,CitationRecall,EvidenceHit@5,False Accept Rate,False Reject Rate,GroundedAnswerRate,MRR@10,Macro-F1,REE@5,REJECT F1,Recall@1,Recall@5,System,TBP@0.10,TBP@0.15,TBP@0.20,TICKET F1,Tool Decision Accuracy,ToolAcc,UnsupportedClaimRate
,0.0,1.0,1.0,0.437,,,1.0,0.3230833333333331,,0.437,,0.255,0.437,Baseline RAG,,,,,,0.0,0.0
0.9344698987746404,36.720074898330495,1.0,1.0,0.423,0.0,0.122,1.0,0.31126666666666647,0.31148996625821346,0.5656166791221746,0.0,0.244,0.423,RAG + domain routing,0.877,0.877,0.877,0.0,0.877,,0.0
0.9344698987746404,36.720074898330495,1.0,1.0,0.423,0.0,0.122,1.0,0.31126666666666647,0.31148996625821346,0.5656166791221746,0.0,0.244,0.423,RAG + routing + triage,0.877,0.877,0.877,0.0,0.877,,0.0
0.9344698987746404,36.720074898330495,1.0,1.0,0.423,0.0,0.122,1.0,0.31126666666666647,0.31148996625821346,0.5656166791221746,0.0,0.244,0.423,RAG + routing + triage + boundary,0.877,0.877,0.877,0.0,0.877,,0.0
0.9344698987746404,36.720074898330495,1.0,1.0,0.423,0.0,0.122,1.0,0.31126666666666647,0.31148996625821346,0.5656166791221746,0.0,0.244,0.423,Full system + preference,0.877,0.877,0.877,0.0,0.877,,0.0
