{
  "config": "configs\\final_eval_balanced_triage_best.yaml",
  "eval_path": "data/processed/eval_mixed_1000.jsonl",
  "counts": {
    "total": 1000,
    "TICKET": 200,
    "synthetic_ticket": 200,
    "ANSWER": 600,
    "multidoc2dial": 600,
    "REJECT": 200,
    "synthetic_reject": 200
  },
  "baseline": {
    "Tool Decision Accuracy": 0.6,
    "ANSWER F1": 0.7499999999999999,
    "ANSWER Precision": 0.6,
    "ANSWER Recall": 1.0,
    "TICKET F1": 0.0,
    "TICKET Precision": 0.0,
    "TICKET Recall": 0.0,
    "REJECT F1": 0.0,
    "REJECT Precision": 0.0,
    "REJECT Recall": 0.0,
    "confusion_matrix": {
      "ANSWER": {
        "ANSWER": 600,
        "TICKET": 0,
        "REJECT": 0
      },
      "TICKET": {
        "ANSWER": 200,
        "TICKET": 0,
        "REJECT": 0
      },
      "REJECT": {
        "ANSWER": 200,
        "TICKET": 0,
        "REJECT": 0
      }
    },
    "Macro-F1": 0.24999999999999997,
    "FalseRejectRate": 0.0,
    "FalseAcceptRate": 1.0,
    "OODAnswerRate": 1.0,
    "TicketMissRate": 1.0
  },
  "proposed": {
    "Tool Decision Accuracy": 0.676,
    "ANSWER F1": 0.7755406413124534,
    "ANSWER Precision": 0.7017543859649122,
    "ANSWER Recall": 0.8666666666666667,
    "TICKET F1": 0.4540816326530613,
    "TICKET Precision": 0.4635416666666667,
    "TICKET Recall": 0.445,
    "REJECT F1": 0.50187265917603,
    "REJECT Precision": 1.0,
    "REJECT Recall": 0.335,
    "confusion_matrix": {
      "ANSWER": {
        "ANSWER": 520,
        "TICKET": 80,
        "REJECT": 0
      },
      "TICKET": {
        "ANSWER": 111,
        "TICKET": 89,
        "REJECT": 0
      },
      "REJECT": {
        "ANSWER": 110,
        "TICKET": 23,
        "REJECT": 67
      }
    },
    "Macro-F1": 0.5771649777138482,
    "FalseRejectRate": 0.0,
    "FalseAcceptRate": 0.665,
    "OODAnswerRate": 0.55,
    "TicketMissRate": 0.555
  },
  "answer_only_retrieval": {
    "baseline": {
      "Recall@5": 0.37833333333333335,
      "MRR@10": 0.24869444444444436,
      "EvidenceHit@5": 0.37833333333333335,
      "CitationPrecision": 1.0
    },
    "proposed": {
      "Recall@5": 0.37333333333333335,
      "MRR@10": 0.2521388888888888,
      "EvidenceHit@5": 0.37333333333333335,
      "CitationPrecision": 1.0
    }
  },
  "latency": {
    "avg_ms": 49.87855939869769,
    "p95_ms": 62.8000998403877,
    "qps": 20.048694510333224
  }
}