{
  "test_file": "data\\processed\\generator_test.jsonl",
  "count": 960,
  "extractive_fallback": {
    "AnswerTokenF1": 0.13432655539049873,
    "ROUGE-L": 0.10483541320514049,
    "NoFragmentRate": 0.6322916666666667,
    "FragmentRate": 0.36770833333333336,
    "QuestionAsAnswerRate": 0.084375,
    "QueryCopyRate": 0.0,
    "EmptyOrInvalidAnswerRate": 0.36770833333333336,
    "AverageAnswerLengthWords": 15.009375,
    "EvidenceSupportedHeuristicRate": 0.6010416666666667,
    "INSUFFICIENT_EVIDENCE_rate": 0.36770833333333336,
    "CitationAttachedRate": 1.0
  },
  "fixed_generator": {
    "AnswerTokenF1": 0.16869526587751185,
    "ROUGE-L": 0.13542655490327943,
    "NoFragmentRate": 0.7083333333333334,
    "FragmentRate": 0.2916666666666667,
    "QuestionAsAnswerRate": 0.051041666666666666,
    "QueryCopyRate": 0.007291666666666667,
    "EmptyOrInvalidAnswerRate": 0.2916666666666667,
    "AverageAnswerLengthWords": 16.801041666666666,
    "EvidenceSupportedHeuristicRate": 0.6114583333333333,
    "INSUFFICIENT_EVIDENCE_rate": 0.2916666666666667,
    "CitationAttachedRate": 1.0
  }
}