{
  "avg_ms": 36.720074898330495,
  "p95_ms": 47.09240002557635,
  "qps": 27.233059920731964
}