{
  "source": "outputs/reports/final_mixed_best_metrics.json",
  "avg_ms": 99.27589560323395,
  "p95_ms": 145.2025999315083,
  "qps": 10.072938591222588
}
