{
  "Recall@1": 0.244,
  "Recall@5": 0.423,
  "MRR@10": 0.31126666666666647,
  "EvidenceHit@5": 0.423,
  "CitationPrecision": 1.0,
  "CitationRecall": 1.0,
  "GroundedAnswerRate": 1.0,
  "UnsupportedClaimRate": 0.0,
  "Tool Decision Accuracy": 0.877,
  "ANSWER F1": 0.9344698987746404,
  "TICKET F1": 0.0,
  "REJECT F1": 0.0,
  "Macro-F1": 0.31148996625821346,
  "False Reject Rate": 0.122,
  "False Accept Rate": 0.0,
  "TBP@0.10": 0.877,
  "TBP@0.15": 0.877,
  "TBP@0.20": 0.877,
  "REE@5": 0.5656166791221746
}